{
  "noisy": {
    "pesq": 1.7209182753562928,
    "stoi": 0.7951022779826198,
    "sisnr": 7.9859137535095215
  },
  "enhanced": {
    "pesq": 1.9621643295288087,
    "stoi": 0.8227984507538806,
    "sisnr": 11.209185600280762
  },
  "n_samples": 500
}